計劃名稱,True Label,Predict Label
建立多模組運輸事故調查能量計畫(1/4),警政與法務,智慧交通
整合智慧讀表平台發展計畫(1/4),能源;國家標準檢驗,AI、雲端、巨量資料
產業升級轉型行動計畫(1/4),傳統產業高值化,傳統產業高值化
加速行動寬頻服務及產業發展計畫(1/3)-推動中小企業4G行動商務應用服務計畫,電商與物流,電商與物流
地價查估技術精進與實價登錄資料應用發展計畫(4/5),數位轉型與智慧政府,數位轉型與智慧政府
生技醫藥國家型科技計畫 - 研究群組暨資源中心年度綱要計畫(5/6),生技醫藥與精準醫療,生技醫藥與精準醫療
基礎科學研究計畫(1/1),科研計畫補助,科研計畫補助
強化坡地環境地質與防災應用(4/4),災害防救,災害防救;氣候變遷與減碳
海空運輸系統營運效能與技術提升科技研發計畫(1/4),智慧交通,智慧交通
建構民生公共物聯網(2/4),災害防救;物聯網,災害防救;物聯網
智能電動車輛產業推動計畫(1/4),運輸載具,運輸載具
打開歷史任意門：臺灣歷史創新科技體驗建置計畫(3/4),文化,文化
實驗動物模式暨轉譯醫學之研究(4/6),生技醫藥與精準醫療,生技醫藥與精準醫療
製造智慧化關鍵技術躍升綱要計畫(4/4),智慧製造,智慧製造
強化偏鄉地區5G寬頻服務與涵蓋─補助業者於偏鄉地區建置行動寬頻基地臺計畫(1/5),網路通訊/4G/5G/5G+/6G,網路通訊/4G/5G/5G+/6G
建構民生公共物聯網計畫(3/4),災害防救;物聯網,災害防救;物聯網
重要活動斷層構造特性調查研究(4/4),災害防救,災害防救
新世代化學材料產業輔導與推廣計畫(3/4),化工材料與循環經濟,化工材料與循環經濟
水旱災整備及應變科技之研究(4/4),災害防救,災害防救
強地動觀測第5期計畫(1/6)-強震即時警報於防災之應用,災害防救,災害防救
加速肝功能量化正子造影劑之產業化(3/4),生技醫藥與精準醫療,生技醫藥與精準醫療
銀髮智慧長照及科技服務創新模式開發計畫(3/4),智慧醫療,智慧醫療
醫衛生命科技研究綱要計畫(1/4),生技醫藥與精準醫療,生技醫藥與精準醫療
國家度量衡標準實驗室整體運作及發展計畫(3/4),國家標準檢驗,國家標準檢驗
加速行動寬頻服務及產業發展計畫(2/3)-推廣校園4G創新應用服務,網路通訊/4G/5G/5G+/6G,網路通訊/4G/5G/5G+/6G
奈米國家型科技計畫-奈米技術產業化推動計畫(6/6),化工材料與循環經濟,
區域性儲能設備技術示範驗證計畫(4/4),能源,能源
永續提供高品質醫療服務(1/4),長照與社會福利,長照與社會福利
醫療感染控制發展計畫(3/4),防疫,防疫
生技醫藥國家型科技計畫-核心設施及產業推動(5/6),生技醫藥與精準醫療,生技醫藥與精準醫療
智慧創新研究中心推升計畫(4/5),AI、雲端、巨量資料,AI、雲端、巨量資料
產業創新價值卓越計畫(3/4),中小（堅）企業輔導,中小（堅）企業輔導
商業服務業經濟情勢分析與我國策略規劃(4/4),政策規劃與推動,中小（堅）企業輔導
強化區域合作─推動中南部智慧機械及航太產業升級計畫(2/4),太空/衛星;智慧製造,太空/衛星;智慧製造
水體環境污染感測、鑑識調查與物聯網應用研究開發計畫(3/4),環境監測與污染防治,環境監測與污染防治
健康雲跨領域研究：巨量健康資訊科技之研發與應用(1/4),生技醫藥與精準醫療,生技醫藥與精準醫療
商業服務價值提升計畫(2/4),中小（堅）企業輔導,中小（堅）企業輔導
低碳排放之無機聚合綠色水泥及混凝土製備研究(1/4),化工材料與循環經濟,化工材料與循環經濟
學校防減災及氣候變遷調適教育精進計畫(2/4),災害防救,災害防救
深耕工業基礎技術專案計畫(3/4),產業人才培育,產業人才培育
永續林業與生物多樣性綱要計畫(1/4),氣候變遷與減碳,氣候變遷與減碳
海洋防災科技及永續發展計畫(2/4),災害防救,災害防救
能源國家型科技計畫-纖維酒精產業推廣平台及加值化生質精煉技術之研發(2/5),能源,能源
海洋科技發展計畫(2/4),海洋科技,海洋科技
自動駕駛感知次系統攻堅計畫(3/4),自動駕駛,自動駕駛
跨域數位人才加速躍升計畫(2/4),產業人才培育,產業人才培育
關務服務資源整合計畫(2/4),數位轉型與智慧政府,數位轉型與智慧政府
企業創新研發淬鍊及產學研價值創造綱要計畫(4/4),工研院與A+,工研院與A+
核設施除役產生放射性廢棄物處理與處置技術研發(2/4),能源,能源
擴大中小企業5G創新服務應用計畫(1/5),數位轉型與智慧政府,數位轉型與智慧政府
培育優秀學者養成計畫(1/4),人才補助與延攬,人才補助與延攬
「提昇法醫鑑識量能計畫」(1/4),警政與法務,警政與法務
研發成果推廣及科學園區業務推動計畫(1/1),創新創業,創新創業
區域創新走廊產業科技發展綱要計畫(3/4),傳統產業高值化,氣候變遷與減碳
中小企業行動支付普及推升計畫(1/4),數位轉型與智慧政府,數位轉型與智慧政府
國立科學工業園區實驗高級中學綠能科技教學拓展計畫(1/1),校園人才培育,校園人才培育
科技計畫規劃與管理計畫(2/4),政策規劃與推動,政策規劃與推動
民生產業轉型輔導計畫(1/4),傳統產業高值化,傳統產業高值化
學校防減災及氣候變遷調適教育精進計畫(1/4),災害防救,災害防救
新一代數位學習計畫(4/4),數位學習,數位學習
文化科技創新應用研究計畫(1/1),文化,文化
生醫產業與新農業跨領域人才培育計畫(1/4),產業人才培育;生技醫藥與精準醫療,產業人才培育;生技醫藥與精準醫療
110年度「節約能源技術研發計畫」(3/3),能源,能源
餐飲業科技應用推動計畫(1/1),中小（堅）企業輔導,中小（堅）企業輔導
商業場域科技應用示範推動計畫(1/4),中小（堅）企業輔導,中小（堅）企業輔導
107年度「能源效率管理與節能技術推廣輔導」(1/1),能源,能源
推動工業合作計畫(2/4),國防;運輸載具,國防;運輸載具
創新醫療器材計畫(3/4),生技醫藥與精準醫療,生技醫藥與精準醫療
智財布局及戰略研析推動計畫(3/4),專利與智財,專利與智財
AI領航推動計畫(1/4),AI、雲端、巨量資料,AI、雲端、巨量資料
建置國家級人體生物資料庫整合平台(2/4),生技醫藥與精準醫療,生技醫藥與精準醫療
離岸風場區塊開發海域環境建構計畫(2/4),能源,能源
加速肝功能量化正子造影劑之產業化(4/4),生技醫藥與精準醫療,生技醫藥與精準醫療
低碳運輸系統發展計畫(1/4),氣候變遷與減碳,氣候變遷與減碳
數位學習深耕計畫(1/4),數位學習,數位學習
商業行政資訊雲端應用擴充及效能提升計畫(1/4),數位轉型與智慧政府,數位轉型與智慧政府
錸-188MN-16ET/利比多肝癌治療新藥之開發與應用研究(4/4),生技醫藥與精準醫療,生技醫藥與精準醫療
再生能源憑證中心及檢測驗證發展計畫(2/4),能源;國家標準檢驗,能源;國家標準檢驗
台灣光子源周邊實驗設施興建計畫(1/1),科研設施,科研設施
生物技術研發成果產業化輔導計畫(2/4),食品安全與食品科技,食品安全與食品科技
新竹科學工業園區－業務推展(1/4),園區管理,園區管理
大學學習生態系統創新計畫(3/4),校園人才培育,校園人才培育
工業循環創新技術開發與應用計畫(2/4),化工材料與循環經濟,化工材料與循環經濟
能源國家型科技計畫-自主式分散型區域電力控管技術發展與應用(1/4),能源,能源
醫療器材產業加速新創與躍升國際推動計畫(2/4),生技醫藥與精準醫療,生技醫藥與精準醫療
優化中小企業科技加值應用環境之策略佈局計畫(4/4),政策規劃與推動,政策規劃與推動
智慧內容創新應用發展計畫(1/4),數位內容,數位內容
高中職學術連網全面優化頻寬提升計畫(3/4),網路通訊/4G/5G/5G+/6G,網路通訊/4G/5G/5G+/6G
普及國民寬頻上網環境計畫(3/4),網路通訊/4G/5G/5G+/6G,網路通訊/4G/5G/5G+/6G
颱風洪水研究發展計畫(1/4),災害防救,災害防救
傳統產業亮點維新計畫(3/4),傳統產業高值化,傳統產業高值化
雲世代產業數位轉型(1/4)-輔導小微型企業數位轉型及永續發展計畫,數位轉型與智慧政府,數位轉型與智慧政府
國立中科實驗高級中學維運計畫(1/1),校園人才培育,校園人才培育
紡織產業科技發展綱要計畫(材料化工之民生應用產業發展綱要計畫)(1/4),化工材料與循環經濟,化工材料與循環經濟
創新前瞻技術研究綱要計畫(2/4),工研院與A+,
放射性廢棄物貯存與處置安全管制技術發展(3/4),能源,能源
技術服務業發展計畫(3/4),設計,設計
促進健康老化(Healthy Aging)及產業升級：新藥及保健食品之研發(4/4),生技醫藥與精準醫療,生技醫藥與精準醫療
推動數位經濟發展之通訊傳播匯流政策及法制革新計畫(1/5),政策規劃與推動,政策規劃與推動
因應食安五環建構校園午餐之農安監控及供應體系(2/4)-健全科技支援體系,食品安全與食品科技,食品安全與食品科技
新世代農業生物保護劑之開發(2/4),農業,農業
國家生技研究園區開發計畫(3/6),生技醫藥與精準醫療,生技醫藥與精準醫療
能源國家型科技計畫-再生能源產業推動計畫(2/4),能源,能源
次世代環境智能系統技術研發與應用推動計畫(2/4),虛擬實境;物聯網,虛擬實境;物聯網
新世代化學材料產業輔導與推廣計畫(1/4),化工材料與循環經濟,化工材料與循環經濟
氣象資訊之智慧應用服務計畫(I)(4/4),災害防救,災害防救
金屬產業發展推動計畫(1/4),傳統產業高值化,傳統產業高值化
材料與化工產業發展優化計畫(1/4),化工材料與循環經濟,化工材料與循環經濟
產業結構優化躍升計畫(4/4),中小（堅）企業輔導,中小（堅）企業輔導
建築資訊整合分享與應用研發推廣計畫(1/4)-Building Information Modeling,災害防救,災害防救
建構高值化農產素材開發與產業鏈結服務計畫(2/4),食品安全與食品科技,食品安全與食品科技
人工智慧技術拔尖與產業領航計畫(3/4),AI、雲端、巨量資料,AI、雲端、巨量資料
中小企業服務優化與特色加值計畫(3/4),中小（堅）企業輔導,中小（堅）企業輔導
資通訊軟體創新人才推升計畫(1/4),AI、雲端、巨量資料;產業人才培育,AI、雲端、巨量資料;產業人才培育
網路社群創新型服務發展計畫(3/4),電商與物流,電商與物流
數位內容跨域創新應用推動計畫(3/4),數位內容,數位內容
台灣罕病及難症之診斷治療與藥物開發(1/4),生技醫藥與精準醫療,生技醫藥與精準醫療
臺灣經典電影數位修復及加值利用計畫(1/4),數位內容,數位內容
機械與運輸產業科技發展綱要計畫(4/4),傳統產業高值化;運輸載具,傳統產業高值化;運輸載具
發展畜禽產業加值及永續友善環境綱要計畫(1/4),農業,農業
數據創新服務生態系推動計畫(4/4),AI、雲端、巨量資料,AI、雲端、巨量資料
生醫科技研發與驗證計畫(1/4),生技醫藥與精準醫療,生技醫藥與精準醫療
我國產業政策研究規劃及推動計畫(3/4),政策規劃與推動,政策規劃與推動
亞洲．矽谷試驗場域計畫(3/4),創新創業,創新創業
再生水資源創新膜材及系統開發與驗證綱要計畫(4/4),化工材料與循環經濟,化工材料與循環經濟
校園無線網路環境建置計畫(原計畫名稱：校園雲端環境建置計畫)(4/4),網路通訊/4G/5G/5G+/6G,網路通訊/4G/5G/5G+/6G
產業永續發展計畫(2/4),氣候變遷與減碳,氣候變遷與減碳
創新循環綠建築環境科技計畫(2/4),氣候變遷與減碳,氣候變遷與減碳
加速行動寬頻服務及產業發展計畫(3/3)-建構相關APP行動商務與本土數位內容計畫,數位內容,數位內容
國家科技發展創新及前瞻策略先期推動計畫(1/1),政策規劃與推動,政策規劃與推動
基礎語文及多元文化能力培育計畫(1/4),校園人才培育,校園人才培育
韌性防災與氣候變遷水環境風險評估研究(1/4),災害防救,災害防救
輻射災害防救與應變技術之研究發展(4/4),災害防救,災害防救
跨虛實科技人文計算平台(2/4),AI、雲端、巨量資料;虛擬實境,AI、雲端、巨量資料;虛擬實境
健康雲跨領域研究:巨量健康資訊科技之研發與應用(4/4),生技醫藥與精準醫療,生技醫藥與精準醫療
推動客家雲端服務暨建立基礎資料計畫(2/3),數位轉型與智慧政府,數位轉型與智慧政府
生技醫藥國家型科技計畫-核心設施及產業推動(4/6),生技醫藥與精準醫療,生技醫藥與精準醫療
建構臺灣海象及氣象災防環境服務系統(2/4),災害防救,災害防救
小型企業創新研發綱要計畫(SBIR)(2/4),創新創業,創新創業
台灣重要新興感染症研究(II)(1/5),防疫,防疫
生技蛋白藥開發四年計畫(2/4),生技醫藥與精準醫療,生技醫藥與精準醫療
建築技術多元創新與推廣應用精進計畫(2/4),災害防救,災害防救
新竹科學工業園區業務推展(1/1),園區管理,園區管理
建築防火安全工程創新科技及應用研發計畫(4/4),災害防救,災害防救
給水與用水管理技術發展計畫(4/4),水資源管理,水資源管理
完善生醫生態體系創新發展計畫(4/4),生技醫藥與精準醫療,生技醫藥與精準醫療
商業環境優化與產業創新推動計畫(1/1),中小（堅）企業輔導,中小（堅）企業輔導
農業生技產業化之推動及輔導計畫(1/4),創新創業,創新創業
因應虛擬世界法規調適商業法制環境建置計畫(1/1),政策規劃與推動,政策規劃與推動
地價查估技術精進與實價登錄資料應用發展計畫(1/5),數位轉型與智慧政府,數位轉型與智慧政府
深度減碳，邁向永續社會(1/4),氣候變遷與減碳,氣候變遷與減碳
食品產業多元化及加值應用研發綱要計畫(2/4),食品安全與食品科技,食品安全與食品科技
太空科技發展與服務計畫(1/4),太空/衛星,太空/衛星
產學育成加速卓越計畫(1/4),創新創業,創新創業
發展小區域災害性天氣即時預報系統(3/4),災害防救,災害防救
105年度5家無線電視台數位頻道及公視HiHD頻道衛星上鏈計畫(1/1),文化,文化
產業運籌服務化推動計畫(4/4),電商與物流,創新創業
智慧電子產業推動計畫(3/4),智慧顯示器,智慧顯示器
醫衛生命科技研究計畫(3/4),生技醫藥與精準醫療,生技醫藥與精準醫療
研究船能量重建及海研五號事件緊急因應計畫(4/4),海洋科技,海洋科技
培育優秀學者及團隊計畫(4/4),人才補助與延攬,人才補助與延攬
小型企業創新研發綱要計畫(SBIR)(4/4),創新創業,創新創業
儀器科技發展計畫(1/4),科研設施,科研設施
原子能科技學術合作研究計畫(1/1),能源,能源
創新前瞻技術研究綱要計畫(3/4),工研院與A+,工研院與A+
原子能科技學術合作研究計畫(1/1),能源,能源
建構雲端服務及大數據運算平台計畫(2/4),AI、雲端、巨量資料,AI、雲端、巨量資料
標竿新產品創新研發輔導計畫(1/4),創新創業,創新創業
加速行動寬頻服務及產業發展計畫(2/3)-故宮4G行動博物館,文化,文化
臺灣南段山區地下水資源調查(4/4),水資源管理,水資源管理
消防5G場域計畫(1/3),網路通訊/4G/5G/5G+/6G,災害防救
新媒體跨平台內容產製計畫(1/4),數位內容,數位內容
臺灣資安卓越深耕-先進網路鑑識計畫(1/4),資安,警政與法務
104年服務業創新研發計畫(2/4),中小（堅）企業輔導,創新創業
科技服務系統研發與實證加值綱要計畫(3/3),設計,設計
中部科學工業園區業務推展計畫(1/1),園區管理,園區管理
食品科技發展綱要計畫(2/4),食品安全與食品科技,食品安全與食品科技
次世代醫用3D放射造影儀技術開發及應用(3/4),生技醫藥與精準醫療,生技醫藥與精準醫療
高速計算與網路應用研究計畫(1/4),AI、雲端、巨量資料,AI、雲端、巨量資料
加速行動寬頻服務及產業發展計畫(1/1)-因應4G 臨時通訊監察後端系統功能提昇專案,網路通訊/4G/5G/5G+/6G,網路通訊/4G/5G/5G+/6G
建築工程技術發展與整合應用計畫(3/4),災害防救,災害防救
科技政策研究與知識庫服務計畫(1/4),政策規劃與推動,政策規劃與推動
健康福祉科技整合照護示範場域推動計畫(3/4),長照與社會福利,長照與社會福利
科技管理科技發展綱要計畫(2/4),政策規劃與推動,
生醫產業商品化人才培育計畫(1/2),生技醫藥與精準醫療,生技醫藥與精準醫療
高齡者安全安心生活環境科技發展中程個案計畫(2/4),長照與社會福利,長照與社會福利
關鍵材料技術輔導與推廣計畫(4/4),化工材料與循環經濟,化工材料與循環經濟
國際合作科技發展綱要計畫(3/4),農業,農業
精進放射性廢棄物貯存與處置安全管制技術發展(1/4),能源,能源
數據創新服務生態系推動計畫(2/4),AI、雲端、巨量資料,AI、雲端、巨量資料
特定地區群聚產業轉型升級計畫(4/4),中小（堅）企業輔導,中小（堅）企業輔導
建立智慧化大型汽車鈑金模具試模中心之服務能量(1/3),運輸載具,傳統產業高值化;運輸載具
智慧創新研究中心推升計畫(3/5),AI、雲端、巨量資料,AI、雲端、巨量資料
培育優秀學者養成計畫(3/4),人才補助與延攬,人才補助與延攬
全國職業安全衛生智能發展計畫(2/4),職安,職安
校園雲端環境建置計畫(1/4),網路通訊/4G/5G/5G+/6G,網路通訊/4G/5G/5G+/6G
福爾摩沙衛星三號後續計畫(4/4),太空/衛星,太空/衛星
社群分享商務推動發展計畫(2/4),電商與物流,電商與物流
因應貿易自由化加強產業輔導計畫(1/4),中小（堅）企業輔導,中小（堅）企業輔導
加速行動寬頻服務及產業發展計畫(1/1)-穿戴式裝置小蘋果園計畫,網路通訊/4G/5G/5G+/6G,網路通訊/4G/5G/5G+/6G
交通技術發展規劃研究第二期計畫(3/4),政策規劃與推動,政策規劃與推動
E化領域科技發展綱要計畫(2/4),智慧農業,智慧農業
特定地區群聚產業轉型升級計畫(3/4),中小（堅）企業輔導,中小（堅）企業輔導
流通服務智慧化推動計畫(1/4),電商與物流,電商與物流
太空科技發展與服務計畫(2/4),太空/衛星,太空/衛星
5G釋照作業規劃及頻譜整備改善措施計畫(1/2),網路通訊/4G/5G/5G+/6G,網路通訊/4G/5G/5G+/6G
水文觀測技術提昇與發展計畫(3/4),水資源管理,水資源管理
策略性產業人力資源發展與推動計畫(3/4),產業人才培育,產業人才培育
區域創新走廊產業科技發展綱要計畫(2/4),傳統產業高值化,傳統產業高值化
流行時尚產業科技應用與高值化輔導推動計畫(4/4),設計,設計
智慧電子國家型科技計畫-智慧電子整合性人才培育計畫(5/5),產業人才培育;晶片半導體,產業人才培育;晶片半導體
再生醫學科技發展計畫(1/4),生技醫藥與精準醫療,生技醫藥與精準醫療
新穎標靶之創新藥物研究與開發(1/4),生技醫藥與精準醫療,生技醫藥與精準醫療
亞洲‧矽谷推動平臺計畫(4/4)(4/4),創新創業,創新創業
服務型智慧政府推動計畫-修正第五階段電子化政府計畫(106年-109年)(3/4),數位轉型與智慧政府,數位轉型與智慧政府
多通路物流服務推動計畫(4/4),電商與物流,電商與物流
建構動植物健康安全防護網絡(3/4),防疫,防疫
科技服務系統研發、實證與美學設計加值綱要計畫(1/4),設計,設計
生技醫藥產業科技發展綱要計畫(4/4),生技醫藥與精準醫療,生技醫藥與精準醫療
潔能系統整合與應用人才培育計畫(3/4),產業人才培育;能源,產業人才培育;能源
關鍵材料技術輔導與推廣計畫(2/4),化工材料與循環經濟,化工材料與循環經濟
新工程教育方法實驗與建構計畫(2/4),校園人才培育,校園人才培育
台灣光子源(TPS)運轉維護計畫(1/1),科研設施,科研設施
南科航太關鍵系統技術升級推動計畫(3/4),太空/衛星,太空/衛星
健全專利檢索中心發展計畫(1/4),專利與智財,專利與智財
數位科技與視覺藝術共構發展計畫(3/3),文化,文化
生醫轉譯及新藥研發計畫(2/4),生技醫藥與精準醫療,生技醫藥與精準醫療
產業結構優化躍升計畫(1/4),中小（堅）企業輔導,中小（堅）企業輔導
台灣光子源光束線實驗設施建置計畫(1/6)-第三期,科研設施,科研設施
關鍵製造業製程高值化拔尖計畫(1/4),智慧製造,智慧製造
年輕學者養成計畫(110-113年)(1/4),人才補助與延攬,人才補助與延攬
新竹生物醫學園區計畫-新竹生醫園區分院(2/5)-109科技預算,生技醫藥與精準醫療,生技醫藥與精準醫療
5G產業技術拔尖計畫(1/4),網路通訊/4G/5G/5G+/6G,網路通訊/4G/5G/5G+/6G
加速肝功能量化正子造影劑之產業化(1/4),生技醫藥與精準醫療,生技醫藥與精準醫療
國際合作科技發展綱要計畫(2/4),農業,農業
區域水文地質特性與地下水補注模式研究(4/4),水資源管理,水資源管理
水體環境污染感測、鑑識調查與物聯網應用研究開發計畫(4/4),環境監測與污染防治,環境監測與污染防治
5家無線電視台數位頻道及公視HiHD頻道衛星上鏈計畫(1/1),文化,文化
建立農業生產資源及生態環境友善管理新模式(4/4),智慧農業,智慧農業
加速行動寬頻服務及產業發展計畫(2/3)-建構原住民族地區4G及無線寬頻環境,網路通訊/4G/5G/5G+/6G,網路通訊/4G/5G/5G+/6G
生醫產業商品化人才培育計畫(2/4),生技醫藥與精準醫療,生技醫藥與精準醫療
產業創新價值卓越計畫(1/4),中小（堅）企業輔導,中小（堅）企業輔導
綠能科技產業推動發展計畫(3/4),能源,能源
科技決策支援暨科技計畫專案管理與評估機制推動計畫(1/1),政策規劃與推動,政策規劃與推動
新型態產學研鏈結旗艦計畫(2/4),創新創業,創新創業
智慧積層製造(3D列印)跨領域研究計畫(2/4),智慧製造,智慧製造
台灣環境毒物健康危害之監測、評估及對策研究(3/4),環境監測與污染防治,環境監測與污染防治
法務部測謊偵查效能精進暨服務躍升計畫(1/2),警政與法務,警政與法務
原子能科技學術合作研究計畫(1/1),能源,能源
強化核能電廠除役管制技術及環境輻射之研究(3/4),能源,能源
韌性防災調適與評估研究(3/4),災害防救,災害防救
整合與提升我國食媒性疾病及其病原監測防護網計畫(3/4),防疫,防疫
十二年一貫綠色科技明日典範學校(3/4),校園人才培育,校園人才培育
生物經濟產業發展方案- 食品產業創新與優化推動計畫(3/4),食品安全與食品科技,食品安全與食品科技
國家資通安全防護整合服務計畫(1/1),資安,資安
生技特色醫藥產業鏈結國際推升計畫(2/4),生技醫藥與精準醫療,生技醫藥與精準醫療
關鍵材料技術輔導與推廣計畫(3/4),化工材料與循環經濟,化工材料與循環經濟
下世代無線通訊毫米波射頻前端電路設計/製造/量測技術發展(4/4),網路通訊/4G/5G/5G+/6G,網路通訊/4G/5G/5G+/6G
健全專利檢索運用環境計畫(3/4),專利與智財,專利與智財
擴大與強化共同使用服務平台(1/4)-﹝擴大並強化『貴重儀器共同使用服務計畫』﹞及﹝建置多物種標準化動物試驗設施服務平台﹞,科研設施,科研設施
建築技術多元創新與推廣應用精進計畫(3/4),災害防救,災害防救
參與先進國際標準制定、研析國際標準調和國家標準及活絡產業標準(3/4),國家標準檢驗,國家標準檢驗
亞洲生產力組織綠色卓越中心計畫(2/4),創新創業,創新創業
105年度「再生能源發展與推廣計畫」(1/1),能源,能源
新學校午餐創新推動計畫(3/4),食品安全與食品科技,食品安全與食品科技
次世代環境智能系統技術研發與應用推動計畫(3/4),虛擬實境;物聯網,虛擬實境;物聯網
科技顧問及產業策略會議推動計畫(1/1),政策規劃與推動,政策規劃與推動
沙崙綠能科學城-綠能科技產業化技術驗證平台(2/3),能源,能源
推動5G提升智慧交通服務效能與安全計畫(1/5),智慧交通,網路通訊/4G/5G/5G+/6G
智慧機械產業智慧升級計畫(1/4),智慧製造,智慧製造
發展新世代台灣癌症之精準醫療路徑圖(1/4),生技醫藥與精準醫療,生技醫藥與精準醫療
華文電子商務暨交易安全推動計畫(4/5),電商與物流,電商與物流
國家圖書館學術性引用文獻資料擴增建置計畫(3/4),數位轉型與智慧政府,數位轉型與智慧政府
創新診療暨影像醫學用醫療器材關鍵技術開發計畫(2/4),生技醫藥與精準醫療,生技醫藥與精準醫療
水文觀測技術提昇與發展(2/4),水資源管理,水資源管理
商業服務業發展研究能量建置計畫(4/4),中小（堅）企業輔導,中小（堅）企業輔導
生技醫藥國家型科技計畫(6/6)-臨床前暨臨床試驗綱要計畫,生技醫藥與精準醫療,生技醫藥與精準醫療
健全專利檢索中心發展計畫(2/4),專利與智財,專利與智財
生技整合及育成能量提升計畫(1/4),生技醫藥與精準醫療,生技醫藥與精準醫療
飲用水水源及水質標準項目之調查及評估(3/3),環境監測與污染防治,水資源管理
建構因應氣候變遷之韌性農業體系研究(2/4),氣候變遷與減碳;農業,氣候變遷與減碳;農業
(展延至108/05/31)文化內容科技應用創新產業領航旗艦計畫(2/4),數位內容,數位內容
蚊媒傳染病防治研究聚落之合作體系(4/4),防疫,防疫
產業先進設備人才培育計畫(4/4),智慧製造,產業人才培育
新興農業生物技術(4/4)-增進農業產值之前瞻高階技術平臺建置及開發,農業生技,農業生技
建置優質照護服務體系(2/4),長照與社會福利,長照與社會福利
台澳中子設施運轉維護計畫(1/1),科研設施,科研設施
台灣環境毒物健康危害之監測、評估及對策研究(2/4),環境監測與污染防治,環境監測與污染防治
中南部雷射與金屬產業高值應用暨系統技術發展綱要計畫(1/4),傳統產業高值化,傳統產業高值化
交通資訊服務雲基礎建設與應用計畫(3/4),數位轉型與智慧政府,智慧交通
培訓產業創新暨人力加值計畫(1/4),產業人才培育,產業人才培育
亞洲矽谷創新創業鏈結計畫(1/4),創新創業,創新創業
建構安全的食品體系：供應鏈透明化(1/4),食品安全與食品科技,食品安全與食品科技
新興中小企業政策決策知識與創新服務加值計畫(4/4),政策規劃與推動,政策規劃與推動
推動中小企業智慧領航拓銷國際計畫(1/4),數位轉型與智慧政府,數位轉型與智慧政府
科技發展趨勢分析與資訊服務計畫(1/4),政策規劃與推動,政策規劃與推動
能源科技人才培育計畫(2/4),產業人才培育;能源,產業人才培育;能源
培訓產業創新暨人力加值計畫(3/4),產業人才培育,產業人才培育
石化產業高値化系統技術與應用發展計畫(4/4),化工材料與循環經濟,化工材料與循環經濟
會計資訊品質提升計畫(1/4),中小（堅）企業輔導,中小（堅）企業輔導
推動中小企業雲端創新應用發展計畫(1/4),數位轉型與智慧政府,數位轉型與智慧政府
私立大學校院發展研發特色專案計畫(4/4),人才補助與延攬,人才補助與延攬
海洋環境調查運用、海洋技術研發與海洋產業發展(1/1),海洋科技,海洋科技
財團法人國家同步輻射研究中心運轉維護計畫(1/1),科研設施,科研設施
氣象領域維運與技術發展計畫(II)(1/6),災害防救,災害防救
學術攻頂研究計畫(1/1),科研計畫補助,科研計畫補助
推動兩岸標準計量檢驗認證合作計畫(1/4),國家標準檢驗,國家標準檢驗
地震工程之運作及發展計畫(1/4),災害防救,災害防救
國立科學工業園區實驗高級中學綠能科技教學拓展計畫(2/2),校園人才培育,校園人才培育
南部智慧生醫產業聚落推動計畫(3/4),生技醫藥與精準醫療,生技醫藥與精準醫療
次世代環境智能系統技術研發與應用推動計畫(1/4),虛擬實境;物聯網,物聯網
光電及半導體設備產業發展計畫(2/4),晶片半導體,晶片半導體
雲端服務暨巨量資料產業發展計畫(2/4),AI、雲端、巨量資料,AI、雲端、巨量資料
確保衛生安全環境整合型計畫(1/4),長照與社會福利,長照與社會福利
精進鑑識科技計畫(1/4),警政與法務,警政與法務
跨域數位人才加速躍升計畫(1/4),產業人才培育,產業人才培育
環境友善型水處理科技發展計畫(2/5),水資源管理,水資源管理
第四階段電子化政府計畫(3/5),數位轉型與智慧政府,數位轉型與智慧政府
深度減碳之研發(1/4),能源,能源
法務部調查局資通訊鑑識與監察科技提升計畫(2/3)-新世代數位鑑識及通訊監察量能提升計畫,警政與法務,警政與法務
營造亞太產業供應鏈夥伴關係新局計畫(2/4),創新創業,創新創業
優質經貿網絡計畫(預報貨物資訊)(6/6),數位轉型與智慧政府,數位轉型與智慧政府
5G+產業生態鏈推動計畫(1/4),網路通訊/4G/5G/5G+/6G,網路通訊/4G/5G/5G+/6G
地震工程之運作及發展計畫(1/4),災害防救,災害防救
校園食材登錄平臺及管理系統推廣實施計畫(結合食品雲)(2/4),食品安全與食品科技,食品安全與食品科技
資通訊軟體創新人才推升計畫(4/4),AI、雲端、巨量資料;產業人才培育,AI、雲端、巨量資料;產業人才培育
校園學術倫理教育與機制發展計畫(1/4),校園人才培育,校園人才培育
精準治療之前瞻研究與系統建置計畫(3/4),生技醫藥與精準醫療,生技醫藥與精準醫療
空間測繪應用研究發展計畫(1/4),自動駕駛,自動駕駛
資料經濟生態系推動計畫(2/4),AI、雲端、巨量資料,AI、雲端、巨量資料
建構全國實驗動物資源服務中心(2/4),生技醫藥與精準醫療,生技醫藥與精準醫療
研發成果推廣及科學園區業務推動計畫(1/1),創新創業,創新創業
智慧製造產業創新提升人才培育計畫(3/4),產業人才培育;智慧製造,產業人才培育;智慧製造
產業永續發展計畫(4/4),氣候變遷與減碳,氣候變遷與減碳
港灣及道路運輸效能提升與災防技術研發(2/2),災害防救,災害防救
台灣腦科技發展及國際躍升計畫(2/4),生技醫藥與精準醫療,生技醫藥與精準醫療
臺灣矽谷科技基金投資計畫(1/1),創新創業,創新創業
普及偏鄉數位應用計畫(1/4),數位轉型與智慧政府,數位轉型與智慧政府
醫衛科技政策研究計畫(4/4),生技醫藥與精準醫療,
加速行動寬頻服務及產業發展計畫(1/3)-建置4G+ 網路接取與應用測試環境計畫,網路通訊/4G/5G/5G+/6G,網路通訊/4G/5G/5G+/6G
中小企業群聚創新整合服務優值計畫(4/4),中小（堅）企業輔導,中小（堅）企業輔導
工研院環境建構綱要計畫(3/3),工研院與A+,工研院與A+
加速行動寬頻服務及產業發展計畫(3/3)-推動中小企業4G行動商務應用服務計畫,電商與物流,電商與物流
工藝plus科技加值應用文化產業推動計畫(1/1),文化,文化
文化內容科技應用創新產業領航旗艦計畫(1/4),數位內容,數位內容
推動創新及應用科技研究計畫(2/4),政策規劃與推動,政策規劃與推動
建構全國實驗動物資源服務中心(1/4),生技醫藥與精準醫療,生技醫藥與精準醫療
協助中小型食品產業升級轉型輔導計畫(2/4),食品安全與食品科技,食品安全與食品科技
台灣光子源(TPS)之高影響性光束線及實驗站設施興建計畫(3/4),科研設施,科研設施
確保衛生安全環境整合型計畫(4/4),長照與社會福利,防疫
建置校園智慧網路計畫(4/4),網路通訊/4G/5G/5G+/6G,網路通訊/4G/5G/5G+/6G
自研自製高階儀器設備與服務平台計畫(2/4),科研設施,科研設施
影視音數位視覺特效應用加值計畫(3/4),數位內容,數位內容
斷層活動性觀測研究第三階段(3/4),災害防救,災害防救
加速行動寬頻服務及產業發展計畫(2/3)-建置基站資安檢測環境,網路通訊/4G/5G/5G+/6G,網路通訊/4G/5G/5G+/6G
台灣新世代可見光及紅外線天文學「探高」計畫(3/5),科研計畫補助,科研計畫補助
專利大數據知識領航計畫(2/4),專利與智財,專利與智財
具時效性科技政策及科技策略會議結論推動落實計畫(1/1),政策規劃與推動,政策規劃與推動
商業服務業科技化與國際化發展計畫(2/4),中小（堅）企業輔導,數位轉型與智慧政府
農業科技管理及產業化推動計畫(1/4),創新創業,創新創業
金屬產業模具應用及材料提升計畫(3/3),傳統產業高值化,傳統產業高值化
新一代數位學習計畫(3/4),數位學習,數位學習
推動產業創新應用服務實證計畫(4/4),政策規劃與推動,政策規劃與推動
全球衛生安全—追求防疫一體之傳染病整合防治研究(3/4),防疫,防疫
多通路物流服務推動計畫(2/4),電商與物流,電商與物流
鑑識科技量能精進暨服務躍升(1/4),警政與法務,警政與法務
海象防災技術研究(3/4),災害防救,災害防救
補助大專校院延攬及獎勵特殊優秀人才措施(1/4),人才補助與延攬,人才補助與延攬
能源國家型科技計畫—永續能源技術與策略發展應用計畫(1/3),能源,能源
物流中堅企業國際化推動計畫(1/4),電商與物流,電商與物流
先進產業策略性落實計畫(1/4),創新創業,創新創業
普及偏鄉數位應用計畫(4/4),數位轉型與智慧政府,數位轉型與智慧政府
漁業科技發展綱要計畫(2/4),農業,農業
創新政府便捷服務計畫(第五階段電子化政府計畫-數位政府)(2/4),數位轉型與智慧政府,數位轉型與智慧政府
次世代醫用3D放射造影儀技術開發及應用(1/4),生技醫藥與精準醫療,生技醫藥與精準醫療
台灣光子源綠能生醫旗艦計畫(2/4),科研設施,科研設施
推動國際產學聯盟計畫(4/4),創新創業,創新創業
文化科技輔導推動專案計畫(3/4),文化,文化
基礎語文及多元文化能力培育計畫(3/4),校園人才培育,校園人才培育
104年度高畫質電視推展計畫(4/4),數位內容,數位內容
開發建置受保護管束人再犯風險評估智慧輔助系統(1/3),數位轉型與智慧政府,警政與法務
109年度「再生能源開發與推廣計畫」(1/1),能源,能源
建構工具機產線智慧系統升級計畫(1/5),智慧製造,智慧製造
工業減碳領航計畫(3/4),氣候變遷與減碳,氣候變遷與減碳
與世界同步智慧交通新科技發展與應用計畫(1/4),智慧交通,智慧交通
網路通訊國際標準分析及參與制定(2/4),網路通訊/4G/5G/5G+/6G;國家標準檢驗,網路通訊/4G/5G/5G+/6G;國家標準檢驗
智慧電動車輛產業推動計畫(2/4),運輸載具,運輸載具
具時效性科技政策及科技策略會議結論推動落實計畫(1/1),政策規劃與推動,政策規劃與推動
企業創新研發淬鍊及產學研價值創造綱要計畫(2/4),工研院與A+,工研院與A+
奈米科技政策科學化及管理體系建構計畫(1/3),政策規劃與推動,政策規劃與推動
能源國家型科技計畫-再生能源產業推動計畫(1/2),能源,能源
推動中小企業雲端創新應用發展計畫 (3/4),數位轉型與智慧政府,數位轉型與智慧政府
國立中科實驗高級中學國中部校舍興建計畫(1/3),校園人才培育,校園人才培育
生物資源建置與整合計畫(5/5),科研設施,科研設施
高級中等學校智慧網路環境暨學術網路提升計畫(1/5),網路通訊/4G/5G/5G+/6G,網路通訊/4G/5G/5G+/6G
科技會報重要科技策略推動計畫(1/1),政策規劃與推動,政策規劃與推動
台灣cGMP生物製劑廠運作計畫(3/4),防疫,防疫
加速全面性地熱資源探查及資訊供應計畫(1/5),能源,能源
奈米元件研究與技術人才培育計畫(1/4),晶片半導體,晶片半導體
臺灣南段山區地下水資源調查(3/4),水資源管理,水資源管理
人文及社會科學研究發展計畫(1/1),科研計畫補助,科研計畫補助
台灣美食國際化及科技化服務計畫(4/4),中小（堅）企業輔導,食品安全與食品科技
強地動觀測第5期計畫(6/6)-強震即時警報於防災之應用,災害防救,災害防救
加值化農產品產銷及物流技術，運籌亞太潛力市場(4/4),智慧農業;電商與物流,智慧農業;電商與物流
綠色採購躍升計畫(1/4),氣候變遷與減碳,氣候變遷與減碳
商業服務業節能低碳推動計畫(1/1),能源,氣候變遷與減碳
能源國家型科技計畫—永續能源技術與策略發展應用計畫(2/3),能源,能源
警政雲端運算發展計畫第二期(2/4)-警政巨量資料分析與運用,數位轉型與智慧政府,數位轉型與智慧政府
生技醫藥轉譯創新發展計畫–轉譯臨床主軸(1/4),生技醫藥與精準醫療,生技醫藥與精準醫療
地區產業整合發展計畫(1/4),中小（堅）企業輔導,中小（堅）企業輔導
海研五號科研儀器建置暨營運計畫(3/4),海洋科技,海洋科技
健全專利檢索中心發展計畫(4/4),專利與智財,專利與智財
物聯網應用場域資安強化推動計畫(1/4),虛擬實境;物聯網;資安,虛擬實境;物聯網;資安
建立多模組運輸事故調查能量計畫(2/4),警政與法務,
以高齡社會需求為導向之生醫科技研究計畫(1/4),生技醫藥與精準醫療,生技醫藥與精準醫療
國家工商登記資料庫雲端服務運用計畫(3/4),數位轉型與智慧政府,數位轉型與智慧政府
智慧海象環境災防服務 – 創新安全效能(1/6),災害防救,災害防救
給水與用水管理技術發展計畫(3/4),水資源管理,水資源管理
建置矽谷創新創業平台計畫(2/4),創新創業,創新創業
全通路智慧加值共通應用平台推動計畫(1/4),電商與物流,數位轉型與智慧政府
強化輻射安全與輻射醫療品質技術之研究(3/4),災害防救,災害防救
故宮5G博物館建設計畫(1/4),文化,文化
擴大災害警報訊息傳遞民眾服務計畫(1/4),災害防救;網路通訊/4G/5G/5G+/6G,災害防救
內政部警政署「警政雲端運算發展計畫第二期-警政巨量資料分析與運用」(3/4),數位轉型與智慧政府,數位轉型與智慧政府
智慧化居住空間產業發展推廣計畫(4/4),物聯網,物聯網
以服務加值再造生活服務業競爭力計畫(2/4),中小（堅）企業輔導,中小（堅）企業輔導
國家資通安全關鍵科技發展計畫(2/2),資安,資安
台灣光子源周邊實驗設施興建計畫(1/1),科研設施,科研設施
噪音管制及非屬原子能游離輻射暴露評估、光污染防制管理之研究(1/1),環境監測與污染防治,環境監測與污染防治
智慧水管理技術研發(1/4),水資源管理,水資源管理
能源科技人才培育計畫(4/4),產業人才培育;能源,產業人才培育;能源
移民資訊雲端服務發展計畫(1/3),數位轉型與智慧政府,數位轉型與智慧政府
環境奈米評析與綠色化學檢測技術研究(2/3),環境監測與污染防治,環境監測與污染防治
建置優質照護服務體系(4/4),長照與社會福利,長照與社會福利
國際合作科技發展綱要計畫(4/4),農業,農業
區塊鏈創新生態體系發展計畫(4/4),物聯網,物聯網
強化核能電廠除役管制技術及環境輻射之研究(2/4),能源,能源
能源國家型科技計畫-綠色能源產業推動計畫(4/4),能源,能源
雲端服務暨巨量資料產業發展計畫(4/4),AI、雲端、巨量資料,AI、雲端、巨量資料
生技醫藥國家型科技計畫(臨床前發展群組)-先導藥物評估與候選藥物推動(4/6),生技醫藥與精準醫療,生技醫藥與精準醫療
服務業能源管理與技術輔導計畫(4/4),氣候變遷與減碳,能源
結核病防治整合型計畫(3/4),防疫,防疫
追求卓越之文官培訓功能科研計畫(5/5),產業人才培育,產業人才培育
提升製造業資訊應用暨經管能力計畫(2/4),中小（堅）企業輔導,中小（堅）企業輔導
農業科技產業化科技發展綱要計畫(4/4),創新創業,創新創業
民生產業特用化學品開發與關鍵製程應用技術綱要計畫(4/4),化工材料與循環經濟,化工材料與循環經濟
下世代太空科技發展先期推動計畫(1/10),太空/衛星,太空/衛星
電漿在綠色節能環境之開發與應用(2/4),能源,能源
交通技術發展規劃研究第二期計畫(4/4),政策規劃與推動,政策規劃與推動
新世代化學材料產業輔導與推廣計畫(4/4),化工材料與循環經濟,化工材料與循環經濟
基礎科學研究計畫-國輻中心業務推動與設施管理計畫(1/1),科研設施,科研設施
永續能源技術與策略發展應用計畫(3/3),能源,能源
醣醫學研究中程個案計畫(3/5),科研計畫補助,科研計畫補助
國家度量衡標準實驗室整體運作及發展計畫(2/4),國家標準檢驗,國家標準檢驗
智能稅務服務計畫(1/4),數位轉型與智慧政府,數位轉型與智慧政府
廢棄物及底泥特性鑑識技術開發(2/2),環境監測與污染防治,環境監測與污染防治
以醫療科技建構社會保險永續發展(1/4),長照與社會福利,長照與社會福利
行政院跨領域科技管理人才在職培訓發展計畫(3/4),產業人才培育,產業人才培育
化學物質安全使用資訊整合平台及科技化管理計畫(2/4),環境監測與污染防治,環境監測與污染防治
強化政府施政電子化與服務之巨量資料應用研究計畫(1/4),數位轉型與智慧政府,數位轉型與智慧政府
智能電動車輛產業推動計畫(2/4),運輸載具,運輸載具
跨虛實科技人文計算平台(4/4),AI、雲端、巨量資料;虛擬實境,AI、雲端、巨量資料;虛擬實境
台灣光源計畫 (TLS)(1/1),科研設施,科研設施
資料經濟生態系推動計畫(4/4),AI、雲端、巨量資料,AI、雲端、巨量資料
數位經濟技術創新研發與應用(3/4),數位轉型與智慧政府,數位轉型與智慧政府
臺灣人體生物資料庫(10/12),生技醫藥與精準醫療,生技醫藥與精準醫療
產業技術標準活絡暨參與國際標準制定(4/4),國家標準檢驗,國家標準檢驗
普及偏鄉數位應用計畫(3/4),數位轉型與智慧政府,數位轉型與智慧政府
台灣光子源計畫 (TPS)(1/1),科研設施,科研設施
核能技術及核電廠除役之安全強化研究(4/4),能源,能源
能源國家型科技計畫-再生能源產業推動計畫(2/2),能源,能源
提升森林及生物多樣性經營，永續生態資源利用(3/4),氣候變遷與減碳,氣候變遷與減碳
區域水文地質特性與地下水補注模式研究(3/4),水資源管理,水資源管理
核能電廠安全管制法規與技術研究計畫(3/4),能源,能源
全人健康促進與成癮防治研究(2/4),長照與社會福利,長照與社會福利
產品碳足跡揭露服務計畫(碳足跡雲)(3/4),氣候變遷與減碳,氣候變遷與減碳
新穎分子標靶之創新精準治療藥物的研究與開發(1/4),生技醫藥與精準醫療,生技醫藥與精準醫療
新世代5G及物聯網智慧管理與網路治理研究計畫(1/1),網路通訊/4G/5G/5G+/6G,物聯網
亞洲矽谷智慧商業服務應用推動計畫(4/4),數位轉型與智慧政府,數位轉型與智慧政府
基礎語文及多元文化能力培育計畫(2/4),校園人才培育,校園人才培育
科技會報跨部會署科發基金計畫(1/1),政策規劃與推動,政策規劃與推動
高中職學術連網全面優化頻寬提升計畫(2/4),產業人才培育;網路通訊/4G/5G/5G+/6G,網路通訊/4G/5G/5G+/6G
雲嘉南地方產業創新與價值提升推動計畫(1/4),傳統產業高值化,傳統產業高值化
強化醫材產業價值鍵CRO服務能量計畫(1/4),生技醫藥與精準醫療,生技醫藥與精準醫療
精進防疫一體傳染病智慧防治技術(1/4),防疫,防疫
實證衛生政策轉譯研發計畫(3/5),長照與社會福利,長照與社會福利
建構健康照護及幸福安全社會體系(1/4),長照與社會福利,長照與社會福利
臺灣東北海域礦產資源潛能調查(2/4),能源,能源
臺灣新興太空產業領航計畫—微衛星發展(3/4),太空/衛星,太空/衛星
提昇法醫鑑識量能計畫(3/4),警政與法務,警政與法務
研發環境綜合整備及科技行政協調管理(1/1),政策規劃與推動,政策規劃與推動
110年度｢能源效率管理與節能技術推廣輔導」(1/1),能源,能源
建構國土安全輻射監測網(3/4),災害防救,災害防救
邁向數位平權推動計畫(2/4),數位轉型與智慧政府,數位轉型與智慧政府
跨域數位人才加速躍升計畫(3/4),產業人才培育,產業人才培育
E化領域科技發展綱要計畫(4/4)-發展智慧農業物聯網與數位多元服務,智慧農業,智慧農業
製造業產品環境足跡與資源永續推動計畫(3/4),氣候變遷與減碳,氣候變遷與減碳
強化數位教學暨學習資訊應用環境計畫(4/4),數位學習,數位學習
臺灣及南海海域資料收集調查與資料庫精進(2/4),海洋科技,海洋科技
台日新戰略夥伴關係建構計畫(1/4),創新創業,創新創業
能源國家型計畫-新興能源產品檢測標準與驗證技術計畫(1/2),能源;國家標準檢驗,能源;國家標準檢驗
奈米國家型科技計畫-奈米產業技術發展綱要計畫(6/6),化工材料與循環經濟,化工材料與循環經濟
氣象雷達災防預警技術提升計畫(3/6),災害防救,災害防救
追求卓越之文官培訓功能科研計畫(4/5)-強化實驗動能,產業人才培育,產業人才培育
新興中小企業政策決策知識發展計畫(3/4),政策規劃與推動,政策規劃與推動
食品安全巨量資料分析及資訊科技化建置計畫(1/4),食品安全與食品科技,食品安全與食品科技
科學城低碳智慧環境基礎建置-科技計畫部分(4/4),能源,能源
107年度「再生能源開發與推廣計畫」(1/1),能源,能源
5G文化科技人才培育暨跨域應用計畫(1/4),數位內容,文化
生技醫藥產業科技發展綱要計畫(4/4),生技醫藥與精準醫療,生技醫藥與精準醫療
數位內容跨域創新應用推動計畫(1/4),數位內容,數位內容
數位人文創新人才培育計畫(3/4),產業人才培育;數位轉型與智慧政府,產業人才培育;數位轉型與智慧政府
建構動植物健康安全防護網絡(2/4),防疫,防疫
臺灣資安卓越深耕-半導體及資通訊供應鏈資安關鍵技術發展計畫(1/4),資安,資安
蚊媒傳染病防治研究聚落之合作體系(3/4),防疫,防疫
精進全民健保制度(2/4)-落實健保改革及提升醫療服務價值,長照與社會福利,長照與社會福利
強化防救災行動通訊基礎建置計畫(3/4),災害防救;網路通訊/4G/5G/5G+/6G,災害防救;網路通訊/4G/5G/5G+/6G
政府軟體採購環境改善計畫(4/4),數位轉型與智慧政府,數位轉型與智慧政府
新一代數位學習計畫(1/4),數位學習,數位學習
前瞻建築防火避難及結構防火科技研發整合應用計畫(1/4),災害防救,災害防救
開發新穎多面向細胞及基因治療策略：由關鍵技術平台至臨床試驗(1/4),生技醫藥與精準醫療,生技醫藥與精準醫療
亞洲‧矽谷推動平臺計畫(3/4),創新創業,創新創業
精準治療之前瞻研究與系統建置計畫(2/4),生技醫藥與精準醫療,生技醫藥與精準醫療
網路購物產業價值升級與環境建構計畫(1/4),電商與物流,電商與物流
健康醫藥生技前瞻發展計畫(1/4),生技醫藥與精準醫療,生技醫藥與精準醫療
網路購物產業價值升級與環境建構計畫(2/4),電商與物流,電商與物流
推動科學發展及國際合作專案計畫(1/1),人才補助與延攬,人才補助與延攬
農糧作物生產區域規劃科技發展綱要計畫(1/4),農業,農業
新農業-新型態產學研鏈結旗艦計畫(1/4),農業,創新創業
福爾摩沙衛星七號計畫-第1組衛星及自主衛星研製(3/4),太空/衛星,太空/衛星
工業基礎技術深耕計畫(4/4),智慧製造,智慧製造
地震工程之運作及發展計畫(2/4),災害防救,災害防救
警政科技躍升計畫(2/4),警政與法務,警政與法務
環境噪音振動與新興物理性公害研究計畫(1/1),環境監測與污染防治,環境監測與污染防治
推動中小企業創新服務憑證計畫(2/4),數位轉型與智慧政府,創新創業
以醫療科技建構社會保險永續發展藍圖(3/4),長照與社會福利,長照與社會福利
永續綠建築與節能減碳科技中程個案計畫(4/4),氣候變遷與減碳,氣候變遷與減碳
環保創新科技研發計畫(1/1),環境監測與污染防治,環境監測與污染防治
提升輻射安全管制技術之研究(4/4),災害防救,災害防救
產業園區能資源整合及工業安全推動計畫(2/4),災害防救,災害防救
自然科學研究發展(1/1),科研計畫補助,科研計畫補助
ICT-enabled高附加價值新興產業關鍵技術發展綱要計畫(3/4),智慧醫療,智慧醫療
奈米國家型科技計畫-綠色奈米科技推動計畫(6/6),環境監測與污染防治,環境監測與污染防治
學術攻頂研究計畫(1/1),科研計畫補助,科研計畫補助
AI領航推動計畫(3/4),AI、雲端、巨量資料,AI、雲端、巨量資料;晶片半導體
洋流能關鍵技術開發與推動(1/4),能源,能源
綠能科技產學研鏈結計畫(1/1),能源,能源
青年科技創新創業基地建置計畫 (1/4),創新創業,創新創業
5G智慧警察行動服務計畫(1/3),網路通訊/4G/5G/5G+/6G,數位轉型與智慧政府
科學園區生醫創新聚落整合推動計畫(1/4),生技醫藥與精準醫療,生技醫藥與精準醫療
海空運輸系統營運效能與技術提升科技研發計畫(2/4),智慧交通,智慧交通
高齡者安全安心生活環境科技發展中程個案計畫(4/4),長照與社會福利,長照與社會福利
醫療器材產業服務研發三年計畫(2/3),生技醫藥與精準醫療,生技醫藥與精準醫療
新興生醫臨床試驗提升計畫(2/4),生技醫藥與精準醫療,生技醫藥與精準醫療
精進臺灣環境健康-以石化工業區周邊學童環境暴露之健康影響評估著手(3/4),環境監測與污染防治,環境監測與污染防治
亞洲生產力組織執行計畫(3/4),創新創業,創新創業
農業雲端服務建置計畫(2/4),智慧農業,智慧農業
生技醫藥核心設施平台(1/1),科研設施,科研設施
生醫產業與新農業跨領域人才培育計畫(3/4),產業人才培育;生技醫藥與精準醫療,產業人才培育;生技醫藥與精準醫療
開源應用技術研發人才培育計畫(1/4),AI、雲端、巨量資料;產業人才培育,AI、雲端、巨量資料;產業人才培育
亞洲．矽谷5G創新應用計畫(1/5),網路通訊/4G/5G/5G+/6G,創新創業
107年度「業界能源科技研究發展計畫」(1/1),能源,能源
學研轉譯能量提升計畫(2/2),生技醫藥與精準醫療,生技醫藥與精準醫療
扶植中小企業與創新創業計畫(4/4),創新創業,創新創業
紡織產業發展計畫(2/4),傳統產業高值化,傳統產業高值化
引領中小微型企業數位轉型戰略攻頂計畫(1/5),數位轉型與智慧政府,數位轉型與智慧政府
雲世代產業數位轉型-數位平台服務與科技研發推動計畫(1/4),數位轉型與智慧政府,數位轉型與智慧政府
複合醫材與藥品開發計畫(1/4),生技醫藥與精準醫療,生技醫藥與精準醫療
太空科技發展與服務計畫(13/15)(3/5),太空/衛星,太空/衛星
循環材料之高值化(2/4),化工材料與循環經濟,化工材料與循環經濟
電子與光電系統核心技術與應用科技發展綱要計畫(2/4),晶片半導體,晶片半導體
颱風洪水研究發展計畫(2/4),災害防救,災害防救
新興科技創新營運模式研究計畫(3/4),創新創業,創新創業
協助國內企業延攬海外科技人才計畫(4/9),人才補助與延攬,人才補助與延攬
健全專利檢索中心發展計畫(3/4),專利與智財,專利與智財
105年度「學界及業界能源科技研究發展計畫」(1/1),能源,能源
產學研加速鏈結價創新農業(3/4),創新創業,創新創業
青年科技創新創業基地建置計畫(4/4),創新創業,創新創業
鑑識科技進階發展計畫(3/4),警政與法務,警政與法務
生技醫療-新型態產學研鏈結旗艦計畫(1/4),生技醫藥與精準醫療,生技醫藥與精準醫療
核能安全管制技術發展研究(4/4),能源,能源
海洋科技發展計畫(4/4),海洋科技,海洋科技
自動駕駛感知次系統攻堅計畫(1/4),自動駕駛,自動駕駛
整合與提升我國食媒性疾病及其病原監測防護網計畫(1/4),防疫,防疫
冷鏈物流技術整合與應用服務推動計畫(1/4),電商與物流,電商與物流
健康醫藥生技前瞻發展計畫(3/4),生技醫藥與精準醫療,生技醫藥與精準醫療
海洋科技發展計畫(1/4),海洋科技,海洋科技
地震工程之運作及發展計畫(1/4),災害防救,災害防救
網際網路通訊協定升級推動計畫(3/4),網路通訊/4G/5G/5G+/6G,網路通訊/4G/5G/5G+/6G
教育雲：校園數位學習普及服務計畫(2/4),數位學習,數位學習
建構智慧型博物館：漫遊在史前和現代的交界雲端整合計畫(3/4),文化,文化
科技專案環境建構綱要計畫(1/4),工研院與A+,工研院與A+
5G通訊系統與應用旗艦計畫(2/4),網路通訊/4G/5G/5G+/6G,網路通訊/4G/5G/5G+/6G
智慧製造產業創新提升人才培育計畫(1/4),產業人才培育;智慧製造,產業人才培育;智慧製造
Å世代半導體-前瞻半導體及量子技術研發計畫(1/5),晶片半導體,晶片半導體
工廠轉型暨群聚產業技術躍升推動計畫(1/4),傳統產業高值化,傳統產業高值化
臺灣科技融藝創新計畫(4/4),文化,文化
推動兩岸標準計量檢驗認證合作(3/4),國家標準檢驗,國家標準檢驗
資訊軟硬體智慧化轉型生態系推動計畫(1/4),AI、雲端、巨量資料,AI、雲端、巨量資料
臺灣沿海藍色經濟成長推動計畫(2/4),農業,農業
人機協同智慧機器人系統技術開發綱要計畫(3/4),AI、雲端、巨量資料,AI、雲端、巨量資料
低溫物流國際化發展推動計畫(4/4),電商與物流,電商與物流
結核病防治整合型計畫(4/4),防疫,防疫
農業政策與農民輔導科技發展綱要計畫(4/4),政策規劃與推動,政策規劃與推動
給水與用水管理技術發展計畫(1/4),水資源管理,水資源管理
洋流能關鍵技術開發與推動(1/1),能源,能源
以高齡社會需求為導向之生醫科技研究計畫(2/4),生技醫藥與精準醫療,生技醫藥與精準醫療
推動雲端服務輔導規劃計畫(2/2),AI、雲端、巨量資料,AI、雲端、巨量資料
培育優秀學者養成計畫(2/4),人才補助與延攬,人才補助與延攬
科學工業園區研發精進產學合作計畫(4/4),創新創業,創新創業
數位內容跨域創新應用推動計畫(4/4),數位內容,數位內容
校園食材登錄平臺及管理系統推廣實施計畫(3/4)-結合食品雲,食品安全與食品科技,食品安全與食品科技
策略性產業人力資源發展與推動計畫(1/4),產業人才培育,產業人才培育
材料化工之民生應用產業發展綱要計畫(1/4),化工材料與循環經濟,化工材料與循環經濟
現代化測繪科技發展計畫(1/4),自動駕駛,自動駕駛
農林氣象災害風險指標建置及災害調適策略之研究(2/4),災害防救,災害防救
極端海象預報技術研究(1/4),災害防救,災害防救
行動支付多元應用加值服務計畫(1/4),數位轉型與智慧政府,數位轉型與智慧政府
原子能科技學術合作研究計畫(1/1),能源,能源
國家生技研究園區開發計畫(2/6),生技醫藥與精準醫療,生技醫藥與精準醫療
水旱災整備及應變科技之研究(2/4),災害防救,災害防救
電子商務雲端創新發展與基礎環境建置計畫(2/4),電商與物流,電商與物流
綠能科技示範場域營運計畫(沙崙D區) (1/4),能源,能源
牧業科技發展綱要計畫(4/4)-強化畜禽產業創新技術加值及應用,農業,農業
安全機能性產品產業價值鏈之優化整合與加值推動(1/4),農業生技,農業生技
農業物聯網發展計畫(1/5),智慧農業,智慧農業
建構智慧健康生活：巨量資料及ICT之加值應用(2/4),智慧醫療,智慧醫療
鑑識科技進階發展計畫(1/4),警政與法務,警政與法務
次世代物聯網智慧系統關鍵技術與產業躍升計畫(3/4),物聯網,物聯網
農業政策與農民輔導科技發展綱要計畫(2/4),政策規劃與推動,政策規劃與推動
科技政策研究與資訊服務計畫(1/1),政策規劃與推動,政策規劃與推動
